;Name;Type
0;e2e2265f-0345-45a7-a44d-603c7bcaab87;root
1;blob_storage;root
2;Cache_Data;root
3;data_0;file
4;data_1;file
5;data_2;file
6;data_3;file
7;index;file
8;Cache;root
9;index-dir;root
10;the-real-index;file
11;js;root
12;index;file
13;index-dir;root
14;the-real-index;file
15;wasm;root
16;index;file
17;Code Cache;root
18;attachments;root
19;reports;root
20;Crashpad;root
21;metadata;file
22;settings.dat;file
23;GPUCache;root
24;data_0;file
25;data_1;file
26;data_2;file
27;data_3;file
28;index;file
29;leveldb;root
30;000003.log;file
31;CURRENT;file
32;LOCK;file
33;LOG;file
34;LOG.old;file
35;MANIFEST-000001;file
36;Local Storage;root
37;localStorage;root
38;bounds;file
39;fullscreen;file
40;maximize;file
41;zoomFactor;file
42;logs;root
43;main.log;file
44;main.old.log;file
45;renderer.log;file
46;renderer.old.log;file
47;Network;root
48;Cookies;file
49;Cookies-journal;file
50;Network Persistent State;file
51;NetworkDataMigrated;file
52;TransportSecurity;file
53;workflows;root
54;main.yml;file
55;.github;root
56;documenter;root
57;bundle.css;file
58;bundle.css.map;file
59;bundle.js;file
60;bundle.js.map;file
61;favicon.ico;file
62;index.html;file
63;logo.png;file
64;.bin;root
65;mkdirp;file
66;mkdirp.cmd;file
67;libs;root
68;copydir.js;file
69;copydirSync.js;file
70;copy-dir;root
71;index.js;file
72;LICENSE;file
73;package.json;file
74;README.md;file
75;bin;root
76;cmd.js;file
77;lib;root
78;find-made.js;file
79;mkdirp-manual.js;file
80;mkdirp-native.js;file
81;opts-arg.js;file
82;path-arg.js;file
83;use-native.js;file
84;mkdirp;root
85;CHANGELOG.md;file
86;index.js;file
87;LICENSE;file
88;package.json;file
89;readme.markdown;file
90;slugify;root
91;LICENSE;file
92;package.json;file
93;README.md;file
94;slugify.d.ts;file
95;slugify.js;file
96;untildify;root
97;index.d.ts;file
98;index.js;file
99;license;file
100;package.json;file
101;readme.md;file
102;node_modules;root
103;insomnia-plugin-documenter;root
104;cover.png;file
105;package.json;file
106;plugin.js;file
107;README.md;file
108;plugins;root
109;responses;root
110;013f7553-6765-43d6-a23a-2cfe737aa6cb.response;file
111;0811f2b5-edbc-42ed-a56a-3b7d6f4ab039.timeline;file
112;0ab4e2aa-cf19-4e83-96cf-f2a3fe4fd2eb.response;file
113;0e978db2-91dc-410c-b026-127e5f162246.timeline;file
114;11196b19-5696-425f-804e-19c11bfd203c.timeline;file
115;114f00df-d799-4c80-afb1-69ecd147eff8.response;file
116;2613b03d-0709-4810-a068-158b8d12749e.timeline;file
117;265ba00f-d3d1-493e-9f4e-bbf3e7f1322b.timeline;file
118;2a869740-debe-48e8-aeca-2f3c81c3a0e4.response;file
119;2bdbb83e-d9fb-449d-8a57-f843ea9fd651.timeline;file
120;375a4024-db6d-46f3-b99b-181f5c4c3fb7.response;file
121;387ff068-6333-4ed7-bc59-5ec7b0c24eaf.response;file
122;39806879-d366-45b2-8a9c-f545aa059503.response;file
123;3ac9de2c-1bd1-4cdb-bbf8-046c0945dd77.timeline;file
124;3eeb0e64-05e9-45fe-8a0f-c2c07441059d.timeline;file
125;439e33ad-db65-4269-824f-d3ed334497b7.response;file
126;483f8b02-ac61-49cb-b368-ab6a3d95e2aa.response;file
127;49b88d87-f4ac-4412-902d-69bf6261462a.response;file
128;4c2ed559-a558-498c-b008-ec12fd9d7076.response;file
129;4ebaa945-b1e4-4cc5-bf7e-03341655ef77.timeline;file
130;5a829226-1e69-47d1-9645-a2ed8afdb248.response;file
131;5aeeb301-1630-4373-a803-c0f3c3400c06.response;file
132;5fecee76-9917-45e4-bca7-1e5c81ec601f.timeline;file
133;604b33c1-2f13-4eec-9d1e-f061ac4ee51b.response;file
134;638d4d94-8270-459d-a93b-9f07d58846bb.response;file
135;6638861a-f2fd-40ea-8207-9f8892a90762.timeline;file
136;68b2fcaf-ecd1-4535-89ff-905b351bb776.timeline;file
137;702ca202-4acc-4a7b-ae26-e7ef8935ed8e.timeline;file
138;70678611-d3c2-4240-a0dd-cd319914432e.response;file
139;72b78c4b-0033-49e7-b944-774474c51e23.response;file
140;78ac13fe-a973-45ce-8f99-183a8925aa41.response;file
141;7c514ff1-fbac-4d77-b3d1-dcbd8120a7a3.response;file
142;7df600ef-aec8-4a93-a3a4-570eda3d98a5.response;file
143;7e76ba23-f6ab-4283-a534-7c3bf87a408a.response;file
144;8053ee19-d2ad-441a-839f-7f03ff640ed1.timeline;file
145;83cb6f60-ffd4-4a87-b4a8-7060cc433611.timeline;file
146;857f1d29-1a3e-49a7-bef3-8fa89adf9ca2.timeline;file
147;94e8a796-48d3-4a76-bbf6-87de03273297.timeline;file
148;96c00237-ab10-44e5-9bd7-39e896a2954c.response;file
149;9a8b2273-fdc9-41cd-93e3-f80eb2398c95.timeline;file
150;9aab0ebb-9c18-4956-99cc-b5d2dd8a5322.timeline;file
151;9b0d15d4-ca79-42d4-8935-ed7dc40ea880.timeline;file
152;9d86b06d-df29-4d1c-abdd-8d90b22c267c.response;file
153;a2e698ef-da0e-4c5c-8f24-258114b83a5c.response;file
154;a6900adb-4083-4e15-aa91-fc564c5795a1.timeline;file
155;ab76fa76-a059-4087-a0a1-7878b8861203.timeline;file
156;aca4a352-536c-43f6-a94b-28ed316d22b4.timeline;file
157;af489cf1-bf14-48d9-95c5-06233f3b9431.timeline;file
158;b1d56f8f-47a1-4365-a99d-cf9a60986948.timeline;file
159;b4e87516-e6aa-4c8e-8d93-ed9dbecca545.response;file
160;b5385183-8718-4e59-abb9-2da6701c1a6a.timeline;file
161;b99a24f5-e41d-426a-b961-c54817b39532.timeline;file
162;bc511fad-cb08-4bd7-9dad-3c9c657f84ee.timeline;file
163;bda07e74-fade-48a3-a6b4-79517c6fbd4f.response;file
164;be03550f-710c-4218-a9fb-b0b97d1bb545.timeline;file
165;be5ac1cb-d0ff-4442-8e29-422e01b5e3dc.timeline;file
166;bf7ba236-2864-4360-987b-344f6fe27c8b.response;file
167;c21a7893-736e-4094-b4db-cc561320de67.timeline;file
168;c53e6f6e-dbb8-424a-bb24-b749063250dc.timeline;file
169;c5fceb83-6ae7-4322-be92-1e2d24a732d8.timeline;file
170;cb0044e8-e212-4d27-a520-b3b0aa8b7cee.response;file
171;cd5b6f79-2be0-46b7-b6f3-f38799eeeb83.timeline;file
172;cda4e163-bf1d-4a6c-a4ce-4990daecfbbc.response;file
173;d1627d8c-9c3f-4036-bdc9-57fe4b530b99.response;file
174;d3d8dacc-576c-4b9b-860b-18b873826d31.response;file
175;d7530c64-fe66-4f72-b27f-2c9d628e60b9.response;file
176;dabdf3c7-9f14-4ef1-afbe-aafc15724f80.response;file
177;dac27b76-da95-4127-bf11-275ea5ff702a.timeline;file
178;db28ca43-5c72-4e07-a3d9-c288413b0216.timeline;file
179;dc6cf40e-909c-470a-9db1-bc95d2a1f9c1.response;file
180;ddf4c417-3c7a-4cf6-8c61-6dc3b79ec37a.response;file
181;e055cbaa-7883-4ee7-9e5a-996cf696ddcf.timeline;file
182;e799f300-e067-42b4-a68d-7bedc1292637.timeline;file
183;e8e9b8a4-4eed-478e-9890-45b5602ada3e.response;file
184;ebcfa6f9-ed69-459c-a114-246ffd43b8dc.timeline;file
185;f0418a06-c412-4489-bb57-4f06c766e14e.timeline;file
186;f20026ab-a1c4-4f84-9418-0c7d6cdb5e89.response;file
187;f368edb4-d0cf-456e-a233-f523d3a2d04c.response;file
188;f6f45cad-45f6-48ca-a91b-6743b1d76152.response;file
189;f8ef6d05-ad09-4ed3-93a6-1be2d099ccbf.response;file
190;queue;root
191;queue.json;file
192;sentry;root
193;scope_v2.json;file
194;session.json;file
195;Session Storage;root
196;000003.log;file
197;CURRENT;file
198;LOCK;file
199;LOG;file
200;LOG.old;file
201;MANIFEST-000001;file
202;version-control;root
203;Insomnia;root
204;insomnia.ApiSpec.db;file
205;insomnia.ClientCertificate.db;file
206;insomnia.CookieJar.db;file
207;insomnia.Environment.db;file
208;insomnia.GitRepository.db;file
209;insomnia.GrpcRequest.db;file
210;insomnia.GrpcRequestMeta.db;file
211;insomnia.OAuth2Token.db;file
212;insomnia.PluginData.db;file
213;insomnia.Project.db;file
214;insomnia.ProtoDirectory.db;file
215;insomnia.ProtoFile.db;file
216;insomnia.Request.db;file
217;insomnia.RequestGroup.db;file
218;insomnia.RequestGroupMeta.db;file
219;insomnia.RequestMeta.db;file
220;insomnia.RequestVersion.db;file
221;insomnia.Response.db;file
222;insomnia.Settings.db;file
223;insomnia.Stats.db;file
224;insomnia.UnitTest.db;file
225;insomnia.UnitTestResult.db;file
226;insomnia.UnitTestSuite.db;file
227;insomnia.WebSocketPayload.db;file
228;insomnia.WebSocketRequest.db;file
229;insomnia.WebSocketResponse.db;file
230;insomnia.Workspace.db;file
231;insomnia.WorkspaceMeta.db;file
232;Local State;file
233;lockfile;file
234;Preferences;file
